{"cameraMode":{"drawMode":0,"name":"Shaded","section":"Shading Mode"},"sceneLighting":false,"audioPlay":false,"sceneViewState":{"m_AlwaysRefresh":false,"showFog":true,"showSkybox":false,"showFlares":true,"showImageEffects":true,"showParticleSystems":true,"showVisualEffectGraphs":true,"m_FxEnabled":true},"in2DMode":false,"pivot":{"x":-19.338695526123048,"y":0.9507474303245544,"z":-0.011411428451538086},"rotation":{"x":-0.0006087644724175334,"y":-0.0000022266222003963778,"z":-0.0000028704359920084245,"w":-1.0000121593475342},"size":2.6376421451568605,"orthographic":true}