{"cameraMode":{"drawMode":0,"name":"Shaded","section":"Shading Mode"},"sceneLighting":true,"audioPlay":false,"sceneViewState":{"m_AlwaysRefresh":false,"showFog":true,"showSkybox":true,"showFlares":true,"showImageEffects":true,"showParticleSystems":true,"showVisualEffectGraphs":true,"m_FxEnabled":true},"in2DMode":false,"pivot":{"x":61.54840850830078,"y":-9.780522346496582,"z":26.59491729736328},"rotation":{"x":-0.12433897703886032,"y":0.04820002615451813,"z":-0.006047148257493973,"w":-0.9910509586334229},"size":22.116804122924806,"orthographic":false}