{"cameraMode":{"drawMode":0,"name":"Shaded","section":"Shading Mode"},"sceneLighting":true,"audioPlay":false,"sceneViewState":{"m_AlwaysRefresh":false,"showFog":true,"showSkybox":true,"showFlares":true,"showImageEffects":true,"showParticleSystems":true,"showVisualEffectGraphs":true,"m_FxEnabled":true},"in2DMode":false,"pivot":{"x":-7.497406005859375,"y":2.2837209701538088,"z":-0.20931386947631837},"rotation":{"x":-0.04042534902691841,"y":0.05991285666823387,"z":-0.002436773618683219,"w":-0.9973933696746826},"size":6.686335563659668,"orthographic":false}