{"cameraMode":{"drawMode":0,"name":"Shaded","section":"Shading Mode"},"sceneLighting":true,"audioPlay":false,"sceneViewState":{"m_AlwaysRefresh":false,"showFog":true,"showSkybox":true,"showFlares":true,"showImageEffects":true,"showParticleSystems":true,"showVisualEffectGraphs":true,"m_FxEnabled":true},"in2DMode":false,"pivot":{"x":41.843990325927737,"y":-4.450984001159668,"z":79.71333312988281},"rotation":{"x":0.08239541947841644,"y":0.0170428529381752,"z":-0.0014081315603107215,"w":0.9964607954025269},"size":56.08733367919922,"orthographic":false}