{"cameraMode":{"drawMode":0,"name":"Shaded","section":"Shading Mode"},"sceneLighting":true,"audioPlay":false,"sceneViewState":{"m_AlwaysRefresh":false,"showFog":true,"showSkybox":true,"showFlares":true,"showImageEffects":true,"showParticleSystems":true,"showVisualEffectGraphs":true,"m_FxEnabled":true},"in2DMode":false,"pivot":{"x":-1.5967108011245728,"y":4.7452006340026859,"z":-12.564299583435059},"rotation":{"x":0.21133559942245484,"y":-0.02286742813885212,"z":0.004945717286318541,"w":0.9771344065666199},"size":5.575547695159912,"orthographic":false}