{"cameraMode":{"drawMode":0,"name":"Shaded","section":"Shading Mode"},"sceneLighting":true,"audioPlay":false,"sceneViewState":{"m_AlwaysRefresh":false,"showFog":true,"showSkybox":true,"showFlares":true,"showImageEffects":true,"showParticleSystems":true,"showVisualEffectGraphs":true,"m_FxEnabled":true},"in2DMode":false,"pivot":{"x":-8.082130432128907,"y":-2.8441920280456545,"z":-16.239051818847658},"rotation":{"x":0.21133559942245484,"y":-0.02286742813885212,"z":0.004945717286318541,"w":0.9771344065666199},"size":21.802915573120118,"orthographic":false}