{"cameraMode":{"drawMode":0,"name":"Shaded","section":"Shading Mode"},"sceneLighting":true,"audioPlay":false,"sceneViewState":{"m_AlwaysRefresh":false,"showFog":true,"showSkybox":true,"showFlares":true,"showImageEffects":true,"showParticleSystems":true,"showVisualEffectGraphs":true,"m_FxEnabled":true},"in2DMode":false,"pivot":{"x":73.83067321777344,"y":-4.202467918395996,"z":78.66028594970703},"rotation":{"x":0.06139381229877472,"y":0.0469953753054142,"z":-0.0028931922279298307,"w":0.9970086216926575},"size":49.75056076049805,"orthographic":false}