{"cameraMode":{"drawMode":0,"name":"Shaded","section":"Shading Mode"},"sceneLighting":true,"audioPlay":false,"sceneViewState":{"m_AlwaysRefresh":false,"showFog":true,"showSkybox":true,"showFlares":true,"showImageEffects":true,"showParticleSystems":true,"showVisualEffectGraphs":true,"m_FxEnabled":true},"in2DMode":false,"pivot":{"x":-14.341104507446289,"y":1.4149551391601563,"z":-0.09892010688781738},"rotation":{"x":0.0838826522231102,"y":0.02599932812154293,"z":-0.0021915968973189594,"w":0.9961411356925964},"size":6.949341773986816,"orthographic":false}