{"cameraMode":{"drawMode":0,"name":"Shaded","section":"Shading Mode"},"sceneLighting":true,"audioPlay":false,"sceneViewState":{"m_AlwaysRefresh":false,"showFog":true,"showSkybox":true,"showFlares":true,"showImageEffects":true,"showParticleSystems":true,"showVisualEffectGraphs":true,"m_FxEnabled":true},"in2DMode":false,"pivot":{"x":-20.202014923095704,"y":2.69734263420105,"z":-0.04821205139160156},"rotation":{"x":-0.021957019343972207,"y":-0.2201293408870697,"z":0.004948274698108435,"w":-0.9752209186553955},"size":4.516769886016846,"orthographic":false}