{"cameraMode":{"drawMode":0,"name":"Shaded","section":"Shading Mode"},"sceneLighting":true,"audioPlay":false,"sceneViewState":{"m_AlwaysRefresh":false,"showFog":true,"showSkybox":true,"showFlares":true,"showImageEffects":true,"showParticleSystems":true,"showVisualEffectGraphs":true,"m_FxEnabled":true},"in2DMode":false,"pivot":{"x":-18.79430389404297,"y":0.20525333285331727,"z":0.8250767588615418},"rotation":{"x":-0.09287571161985398,"y":-0.002988968277350068,"z":0.0002786329423543066,"w":-0.9956817626953125},"size":11.326597213745118,"orthographic":false}