{"cameraMode":{"drawMode":0,"name":"Shaded","section":"Shading Mode"},"sceneLighting":true,"audioPlay":false,"sceneViewState":{"m_AlwaysRefresh":false,"showFog":true,"showSkybox":true,"showFlares":true,"showImageEffects":true,"showParticleSystems":true,"showVisualEffectGraphs":true,"m_FxEnabled":true},"in2DMode":false,"pivot":{"x":-21.45062255859375,"y":-2.108847141265869,"z":90.51551055908203},"rotation":{"x":0.055440813302993777,"y":0.03354370594024658,"z":-0.0018629784462973476,"w":0.9979018568992615},"size":1.811219573020935,"orthographic":false}