{"cameraMode":{"drawMode":0,"name":"Shaded","section":"Shading Mode"},"sceneLighting":true,"audioPlay":false,"sceneViewState":{"m_AlwaysRefresh":false,"showFog":true,"showSkybox":true,"showFlares":true,"showImageEffects":true,"showParticleSystems":true,"showVisualEffectGraphs":true,"m_FxEnabled":true},"in2DMode":false,"pivot":{"x":-18.79430389404297,"y":0.20525333285331727,"z":0.8250767588615418},"rotation":{"x":0.10768076777458191,"y":0.046802788972854617,"z":-0.0050766621716320519,"w":0.9930785298347473},"size":2.394197940826416,"orthographic":false}