{"cameraMode":{"drawMode":0,"name":"Shaded","section":"Shading Mode"},"sceneLighting":false,"audioPlay":false,"sceneViewState":{"m_AlwaysRefresh":false,"showFog":true,"showSkybox":false,"showFlares":true,"showImageEffects":true,"showParticleSystems":true,"showVisualEffectGraphs":true,"m_FxEnabled":true},"in2DMode":false,"pivot":{"x":28.579784393310548,"y":-0.16756373643875123,"z":0.22587621212005616},"rotation":{"x":-0.11207679659128189,"y":-0.13756811618804933,"z":0.01566951908171177,"w":-0.9840076565742493},"size":17.13054847717285,"orthographic":false}